/*M!999999\- enable the sandbox mode */ 
-- MariaDB dump 10.19-11.5.2-MariaDB, for Win64 (AMD64)
--
-- Host: localhost    Database: bakulinexam
-- ------------------------------------------------------
-- Server version	11.5.2-MariaDB

/*!40101 SET @OLD_CHARACTER_SET_CLIENT=@@CHARACTER_SET_CLIENT */;
/*!40101 SET @OLD_CHARACTER_SET_RESULTS=@@CHARACTER_SET_RESULTS */;
/*!40101 SET @OLD_COLLATION_CONNECTION=@@COLLATION_CONNECTION */;
/*!40101 SET NAMES latin1 */;
/*!40103 SET @OLD_TIME_ZONE=@@TIME_ZONE */;
/*!40103 SET TIME_ZONE='+00:00' */;
/*!40014 SET @OLD_UNIQUE_CHECKS=@@UNIQUE_CHECKS, UNIQUE_CHECKS=0 */;
/*!40014 SET @OLD_FOREIGN_KEY_CHECKS=@@FOREIGN_KEY_CHECKS, FOREIGN_KEY_CHECKS=0 */;
/*!40101 SET @OLD_SQL_MODE=@@SQL_MODE, SQL_MODE='NO_AUTO_VALUE_ON_ZERO' */;
/*M!100616 SET @OLD_NOTE_VERBOSITY=@@NOTE_VERBOSITY, NOTE_VERBOSITY=0 */;

--
-- Table structure for table `adoptions`
--

DROP TABLE IF EXISTS `adoptions`;
/*!40101 SET @saved_cs_client     = @@character_set_client */;
/*!40101 SET character_set_client = utf8 */;
CREATE TABLE `adoptions` (
  `id` int(11) NOT NULL AUTO_INCREMENT,
  `animal_id` int(11) NOT NULL,
  `user_id` int(11) NOT NULL,
  `request_date` date NOT NULL DEFAULT curdate(),
  `status` varchar(20) NOT NULL DEFAULT 'pending',
  `contact_info` varchar(255) NOT NULL,
  `processed_at` timestamp NULL DEFAULT NULL,
  `created_at` timestamp NULL DEFAULT current_timestamp(),
  PRIMARY KEY (`id`),
  KEY `animal_id` (`animal_id`),
  KEY `user_id` (`user_id`),
  CONSTRAINT `adoptions_ibfk_1` FOREIGN KEY (`animal_id`) REFERENCES `animals` (`id`) ON DELETE CASCADE,
  CONSTRAINT `adoptions_ibfk_2` FOREIGN KEY (`user_id`) REFERENCES `users` (`id`) ON DELETE CASCADE
) ENGINE=InnoDB AUTO_INCREMENT=10 DEFAULT CHARSET=latin1;
/*!40101 SET character_set_client = @saved_cs_client */;

--
-- Dumping data for table `adoptions`
--

LOCK TABLES `adoptions` WRITE;
/*!40000 ALTER TABLE `adoptions` DISABLE KEYS */;
INSERT INTO `adoptions` VALUES
(1,8,6,'2025-06-18','accepted','89883206472',NULL,'2025-06-18 11:36:28'),
(6,7,6,'2025-06-18','pending','123456789',NULL,'2025-06-18 20:14:02'),
(7,6,6,'2025-06-18','pending','123456789',NULL,'2025-06-18 20:27:49'),
(8,1,6,'2025-06-19','rejected_adopted','147258369',NULL,'2025-06-18 21:04:01'),
(9,1,10,'2025-06-19','accepted','195263874',NULL,'2025-06-18 21:28:45');
/*!40000 ALTER TABLE `adoptions` ENABLE KEYS */;
UNLOCK TABLES;

--
-- Table structure for table `animal_photos`
--

DROP TABLE IF EXISTS `animal_photos`;
/*!40101 SET @saved_cs_client     = @@character_set_client */;
/*!40101 SET character_set_client = utf8 */;
CREATE TABLE `animal_photos` (
  `id` int(11) NOT NULL AUTO_INCREMENT,
  `filename` varchar(255) NOT NULL,
  `mime_type` varchar(255) NOT NULL DEFAULT 'image/jpeg',
  `animal_id` int(11) NOT NULL,
  `created_at` timestamp NULL DEFAULT current_timestamp(),
  PRIMARY KEY (`id`),
  KEY `animal_id` (`animal_id`),
  CONSTRAINT `animal_photos_ibfk_1` FOREIGN KEY (`animal_id`) REFERENCES `animals` (`id`) ON DELETE CASCADE
) ENGINE=InnoDB AUTO_INCREMENT=21 DEFAULT CHARSET=latin1;
/*!40101 SET character_set_client = @saved_cs_client */;

--
-- Dumping data for table `animal_photos`
--

LOCK TABLES `animal_photos` WRITE;
/*!40000 ALTER TABLE `animal_photos` DISABLE KEYS */;
INSERT INTO `animal_photos` VALUES
(1,'Snezhok.jpg','image/jpeg',1,'2025-06-18 10:59:49'),
(2,'Mary.jpg','image/jpeg',2,'2025-06-18 11:04:49'),
(3,'Lubava.jpg','image/jpeg',3,'2025-06-18 11:06:56'),
(5,'Stasik.jpg','image/jpeg',5,'2025-06-18 11:16:18'),
(6,'Goshka.jpg','image/jpeg',6,'2025-06-18 11:18:45'),
(7,'Zlata.jpg','image/jpeg',7,'2025-06-18 11:19:58'),
(8,'Venya.jpg','image/jpeg',8,'2025-06-18 11:21:27'),
(15,'Korzhik.jpg','image/jpeg',13,'2025-06-18 20:54:50'),
(16,'korzhik2.jpg','image/jpeg',13,'2025-06-18 20:54:50'),
(17,'korzhik3.jpg','image/jpeg',13,'2025-06-18 20:54:50'),
(18,'Hampter2.jpg','image/jpeg',14,'2025-06-18 21:15:15'),
(19,'Hampter1.jpg','image/jpeg',14,'2025-06-18 21:15:15'),
(20,'Hampter3.jpg','image/jpeg',14,'2025-06-18 21:15:15');
/*!40000 ALTER TABLE `animal_photos` ENABLE KEYS */;
UNLOCK TABLES;

--
-- Table structure for table `animals`
--

DROP TABLE IF EXISTS `animals`;
/*!40101 SET @saved_cs_client     = @@character_set_client */;
/*!40101 SET character_set_client = latin1 */;
CREATE TABLE `animals` (
  `id` int(11) NOT NULL AUTO_INCREMENT,
  `name` varchar(100) NOT NULL,
  `description` text NOT NULL,
  `age_months` int(11) NOT NULL,
  `breed` varchar(100) NOT NULL,
  `gender` varchar(10) NOT NULL,
  `status` varchar(15) NOT NULL DEFAULT 'available',
  `created_at` timestamp NULL DEFAULT current_timestamp(),
  `updated_at` timestamp NULL DEFAULT current_timestamp() ON UPDATE current_timestamp(),
  PRIMARY KEY (`id`)
) ENGINE=InnoDB AUTO_INCREMENT=15 DEFAULT CHARSET=latin1;
/*!40101 SET character_set_client = @saved_cs_client */;

--
-- Dumping data for table `animals`
--

LOCK TABLES `animals` WRITE;
/*!40000 ALTER TABLE `animals` DISABLE KEYS */;
INSERT INTO `animals` VALUES
(1,'Снежок','Снежок – белоснежный принц в поисках любящего сердца!\nСнежок – настоящий пушистый ангел с глазами, полными доверия! Он обожает мурлыкать на коленях, с интересом исследует новые игрушки и с радостью составит компанию в вечернем отдыхе. Несмотря на дворовое происхождение, он чистоплотен, аккуратен и очень умён.\nЭтот белоснежный красавец мечтает о тёплом доме, где его будут любить и баловать. Он отлично ладит с детьми и другими животными, если знакомство проходит постепенно.\nПодарите Снежку шанс обрести семью – он подарит вам море нежности и преданности!\n📞 Готовы подарить Снежку дом? Свяжитесь с нами!\n\n#УсыновлениеКота #БелыйКот #Дворяга #ДайЛапу',25,'Дворняжка','male','adopted','2025-06-18 10:59:49','2025-06-18 21:29:29'),
(2,'Мэри','Мэри – очаровательная карликовая шиншилла в поисках заботливых рук!\nНастоящая крошка с мягкой, как шёлк, шёрсткой и большими выразительными глазками! Она обожает исследовать всё вокруг, играть с безопасными игрушками и с удовольствием принимает лакомства из рук. Эта малышка очень общительная и быстро привыкает к людям, главное – дать ей немного времени на адаптацию.\nКарликовые шиншиллы – нежные и умные зверьки, и Мэри не исключение. Она идеально подойдёт тем, кто мечтает о пушистом друге, за которым интересно наблюдать и ухаживать.\nПодарите Мэри тёплый дом – она ответит вам доверием и милыми шалостями!\n📞 Хотите, чтобы Мэри стала частью вашей семьи? Свяжитесь с нами!\n\n#УсыновлениеШиншиллы #КарликоваяШиншилла #ДайЛапу #ИщетДом',10,'Карликовая шиншилла','female','available','2025-06-18 11:04:49','2025-06-18 20:57:55'),
(3,'Любава','Любава – маленькое персидское чудо в поисках нежности!\n\"то крошечное облачко с роскошной шёрсткой и наивными глазками-бусинками! Она только начинает познавать мир, но уже обожает мягкие пледы, тёплые руки и нежные поглаживания. Эта малышка – настоящая персидская принцесса: грациозная, неспешная и очень милая.\n\nИз-за юного возраста Любаве особенно нужна забота и внимание. Она станет идеальной подругой для тех, кто готов окружить её теплом и терпением, ведь персидские кошки – создания нежные и чувствительные.\n\nПодарите Любаве любящую семью – и она расцветёт, как сказочный цветок!\n\n📞 Мечтаете о пушистом ангелочке? Любава ждёт вас!\n\n#УсыновлениеКотёнка #ПерсидскаяКошка #МалышкаЛюбава #ДайЛапу',1,'Персидская кошка','female','available','2025-06-18 11:06:56','2025-06-18 20:57:17'),
(5,'Стасик','🐾 Стасик – озорной таксёнок с большим сердцем! 🐾\nОсобые таланты:\n🔹 Виртуозно ворчит на почтальонов (но легко отвлекается на лакомство)\n🔹 Гениально открывает сумки в поисках \"добычи\"\n🔹 Превращает любую прогулку в весёлое приключение\nИдеальная семья для Стасика:\nАктивные хозяева, которые оценят его ум и энергию. Он обожает детей и готов дружить с другими животными (но может ревновать!).\nГотовы к таксомании? Стасик уже мчится к вам в сердце!\n📞 Пишите, чтобы познакомиться с этим рыжим вихрем!\n\n#ТаксаВДобрыеРуки #СтасикИщетДом #УмнаяМорда #ДлинноеСчастье\n',14,'Такса','male','available','2025-06-18 11:16:18','2025-06-18 20:56:58'),
(6,'Гошка','Гошка – солнечный волнистик, готовый наполнить ваш дом щебетанием и радостью!\nГошка мечтает о:\n☀️ Просторной клетке с игрушками\n☀️ Ежедневном общении и летних «прогулках» по комнате\n☀️ Внимательном хозяине, который научит его новым словам\nПодарите Гошке заботу – и он станет вашим самым весёлым компаньоном!\n📞 Хотите услышать его первую песенку? Звоните!\n#ПопугайВДобрыеРуки #ГошкаИщетДруга #ВолнистыйСчастье\n\nP.S. В подарок – фирменный «чирик» и море хорошего настроения! 🌟',5,'Волнистый попугайчик','male','adoption','2025-06-18 11:18:45','2025-06-18 20:59:31'),
(7,'Злата','✨ Злата – пушистое золото с ангельским характером! ✨\n🎾 Виртуозно играет в «апорт» с мягкими игрушками\n💃 Обожает фотографироваться – позирует как звезда!\n🛁 Спокойно относится к стрижкам и водным процедурам\nИдеальная семья для Златы:\nТе, кто ценит сочетание ума и красоты. Она станет лучшей подругой для детей и душевным антистрессом для взрослых.\nГотовы к ежедневной порции золотого счастья?\n📞 Злата ждёт вашего звонка!\n\n#ПудельВДобрыеРуки #ЗлатаИщетСемью #УмницаИКрасавица\nP.S. В комплекте – модные кудри и безграничная преданность! 💛',6,'Пудель','female','adoption','2025-06-18 11:19:58','2025-06-18 20:59:07'),
(8,'Веня','🐾 Веня – мопс-улыбака, готовый растопить ваше сердце! 🐾\nОсобые навыки:\n😍 Умеет смотреть «голодными глазками» – невозможно устоять!\n🛋 Виртуозно занимает всю кровать (но оставляет место для хозяина)\n🎾 Играет в «принеси мячик» (но иногда ленится его возвращать)\nИдеальные хозяева для Вени:\nТе, кто ценит мопсиный юмор и готов к храпу по ночам. Он станет идеальным компаньоном для жизни в городе!\nГотовы к мопсосчастью? Веня уже влюблен в вас!\n📞 Звоните, чтобы познакомиться с этим морщинистым счастьем!\n#МопсВДобрыеРуки #ВеняИщетДом #ХрапИЛюбовь\n\nP.S. В комплекте – фирменная улыбка и тонны обаяния! 💛',22,'Мопс','male','adopted','2025-06-18 11:21:27','2025-06-18 20:58:31'),
(13,'Коржик','Коржик как коржик',5,'Золотистый ретривер','male','available','2025-06-18 20:54:50','2025-06-18 20:55:40'),
(14,'Хамптер','Обычный хомяк',2,'Джунгарский хомяк','male','available','2025-06-18 21:15:15','2025-06-18 21:15:15');
/*!40000 ALTER TABLE `animals` ENABLE KEYS */;
UNLOCK TABLES;

--
-- Table structure for table `roles`
--

DROP TABLE IF EXISTS `roles`;
/*!40101 SET @saved_cs_client     = @@character_set_client */;
/*!40101 SET character_set_client = latin1 */;
CREATE TABLE `roles` (
  `id` int(11) NOT NULL AUTO_INCREMENT,
  `name` varchar(50) NOT NULL,
  `description` text NOT NULL,
  PRIMARY KEY (`id`),
  UNIQUE KEY `name` (`name`)
) ENGINE=InnoDB AUTO_INCREMENT=4 DEFAULT CHARSET=latin1;
/*!40101 SET character_set_client = @saved_cs_client */;

--
-- Dumping data for table `roles`
--

LOCK TABLES `roles` WRITE;
/*!40000 ALTER TABLE `roles` DISABLE KEYS */;
INSERT INTO `roles` VALUES
(1,'admin','Администратор (полный доступ к системе)'),
(2,'moderator','Модератор (может редактировать животных и заявки)'),
(3,'user','Пользователь (может подавать заявки на усыновление)');
/*!40000 ALTER TABLE `roles` ENABLE KEYS */;
UNLOCK TABLES;

--
-- Table structure for table `users`
--

DROP TABLE IF EXISTS `users`;
/*!40101 SET @saved_cs_client     = @@character_set_client */;
/*!40101 SET character_set_client = utf8 */;
CREATE TABLE `users` (
  `id` int(11) NOT NULL AUTO_INCREMENT,
  `username` varchar(50) NOT NULL,
  `password_hash` varchar(255) NOT NULL,
  `first_name` varchar(50) NOT NULL,
  `last_name` varchar(50) NOT NULL,
  `middle_name` varchar(50) DEFAULT NULL,
  `role_id` int(11) NOT NULL DEFAULT 3,
  `created_at` timestamp NULL DEFAULT current_timestamp(),
  PRIMARY KEY (`id`),
  UNIQUE KEY `username` (`username`),
  KEY `role_id` (`role_id`),
  CONSTRAINT `users_ibfk_1` FOREIGN KEY (`role_id`) REFERENCES `roles` (`id`)
) ENGINE=InnoDB AUTO_INCREMENT=11 DEFAULT CHARSET=latin1;
/*!40101 SET character_set_client = @saved_cs_client */;

--
-- Dumping data for table `users`
--

LOCK TABLES `users` WRITE;
/*!40000 ALTER TABLE `users` DISABLE KEYS */;
INSERT INTO `users` VALUES
(4,'admin','240be518fabd2724ddb6f04eeb1da5967448d7e831c08c8fa822809f74c720a9','Админ','Админов',NULL,1,'2025-06-17 11:21:33'),
(5,'moderator','09fbcc458fb3430db7ec54ee95635e7fbc06ccfd982b49c55ec53ab8ac2397e7','Модератор','Модераторов',NULL,2,'2025-06-17 11:21:33'),
(6,'user','e606e38b0d8c19b24cf0ee3808183162ea7cd63ff7912dbb22b5e803286b4446','Пользователь','Пользователев',NULL,3,'2025-06-17 11:21:33'),
(9,'user1','e606e38b0d8c19b24cf0ee3808183162ea7cd63ff7912dbb22b5e803286b4446','Юзер','Юзеров',NULL,3,'2025-06-18 11:54:10'),
(10,'user2','e606e38b0d8c19b24cf0ee3808183162ea7cd63ff7912dbb22b5e803286b4446','Иван','Петров','Сергеевич',3,'2025-06-18 11:54:23');
/*!40000 ALTER TABLE `users` ENABLE KEYS */;
UNLOCK TABLES;
/*!40103 SET TIME_ZONE=@OLD_TIME_ZONE */;

/*!40101 SET SQL_MODE=@OLD_SQL_MODE */;
/*!40014 SET FOREIGN_KEY_CHECKS=@OLD_FOREIGN_KEY_CHECKS */;
/*!40014 SET UNIQUE_CHECKS=@OLD_UNIQUE_CHECKS */;
/*!40101 SET CHARACTER_SET_CLIENT=@OLD_CHARACTER_SET_CLIENT */;
/*!40101 SET CHARACTER_SET_RESULTS=@OLD_CHARACTER_SET_RESULTS */;
/*!40101 SET COLLATION_CONNECTION=@OLD_COLLATION_CONNECTION */;
/*M!100616 SET NOTE_VERBOSITY=@OLD_NOTE_VERBOSITY */;

-- Dump completed on 2025-06-19  0:41:27
